syn_ID,start_syn_value,final_syn_value,axonal_delay,dendritic_delay,num_changes
1,39.5,41.6039633437454,5.0,0.1,4
2,39.5,39.94248747768351,5.0,0.1,6
3,39.5,43.28227858813384,5.0,0.1,6
4,39.5,41.48816898968801,5.0,0.1,8
