syn_ID,start_syn_value,final_syn_value
1,39.5,41.6039633437454
2,39.5,39.94248747768351
3,39.5,43.28227858813384
4,39.5,41.48816898968801
